code_name,dpid,sbmxn_pt,ctgry,typ,day_first,id
highland,2ABL100375,001,mf,"",false,221
daylight,2ABL100269,001,mf,"",false,222
excel,2ABL100334,001,mf,"",false,223
lafayette,2ABL100070,000,mf,"",false,224
highstreet,2ABL100120,001,mf,"",false,225
seedvestltd,2ABL100017,000,mf,"",false,226
alpha,2ABL100394,001,mf,"",false,227
esan,2ABL100191,001,mf,"",false,228
baines,2ABL100443,001,mf,"",false,229
afemai,2ABL100370,001,mf,"",false,230
coronation,2A1L260003,001,cb,"",false,231
ojokoro,2ABL100391,000,mf,"",false,232
microvis,2ABL100352,001,mf,"",false,233
newgoldenpasture,2ABL100208,001,mf,"",false,234
triplea,2ABL100047,000,mf,"",false,235
imowo,2ABL100245,001,mf,"",false,236
hedgeworth,2ABL100056,001,mf,"",false,238
apeks,2ABL100323,001,mf,"",false,239
banex,2ABL100188,000,mf,"",false,240
akuchukwu,2ABL100613,001,mf,,false,1529
lawyers,2ABL100102,001,mf,"",false,242
lekki,2ABL100094,001,mf,"",false,243
supreme,2ABL100066,000,mf,"",false,244
sbdc,2ABL100356,001,mf,"",false,245
vfd,2ABL100351,000,mf,"",false,246
alekun,2ABL100204,001,mf,"",false,247
coastline,2ABL100397,000,mf,"",false,248
chikum,2ABL100450,000,mf,"",false,249
nutendwell,2ABL100231,001,mf,"",false,250
key,1A0L200082,"","","",false,251
firstlowland,2ABL100390,001,mf,"",false,252
accion,2ABL100125,001,mf,"",false,253
boctrust,2ABL100415,001,mf,"",false,256
jessefield,2ABL100132,000,mf,"",false,258
unifund,2ABL100109,001,mf,"",false,259
lovonus,2ABL100039,001,mf,"",false,260
davodani,2ABL100260,001,mf,"",false,261
cit,2ABL100077,001,mf,"",false,262
finatrust,2ABL100030,001,mf,"",false,263
regent,2ABL100224,001,mf,"",false,264
conpro,2ABL100038,001,mf,"",false,265
megapraise,2ABL100176,001,mf,"",false,266
atlasmfb,2ABL100064,001,mf,"",false,267
peace,2ABL100065,001,mf,"",false,268
nnew,2ABL100243,001,mf,"",false,269
mkobo,2ABL100292,000,mf,"",false,272
seap,2ABL100401,001,mf,"",false,273
levite,2ABL100152,001,mf,"",false,274
lapo,2ABL100168,900,mf,"",false,275
ekreliable,2ABL100427,001,mf,"",false,276
crossover,2ABL100303,001,mf,"",false,277
lifegate,2ABL100187,001,mf,"",false,279
boimfb,2ABL100116,000,mf,"",false,280
mutualtrust,2ABL100458,001,mf,"",false,281
viscount,2ABL100219,001,mf,"",false,282
isuofia,2ABL100398,001,mf,"",false,283
dorben,2ABL100134,001,mf,"",false,284
uda,2ABL100357,001,mf,"",false,285
cedar,2ABL100117,001,mf,"",false,286
seedcapital,2ABL100157,001,mf,"",false,289
auchi,2ABL100361,001,mf,"",false,290
prolific,2ABL100146,001,mf,"",false,291
fct,2ABL100068,001,mf,"",false,292
purplemoney,2ABL100287,001,mf,"",false,293
mayfair,2ABL100053,001,mf,"",false,294
alhayat,2ABL100251,001,mf,"",false,295
agosasa,2ABL100346,001,mf,"",false,296
safehaven,2ABL100216,000,mf,"",false,297
empiretrust,2ABL100277,001,mf,"",false,298
allworkers,2ABL100437,001,mf,"",false,299
ikenne,2ABL100452,001,mf,"",false,300
vibrant,2ABL100377,001,mf,"",false,301
icglobal,2ABL100229,001,mf,"",false,302
fidfund,2ABL100052,001,mf,"",false,303
ilisan,2ABL100349,001,mf,"",false,304
amml,2ABL100378,000,mf,"",false,305
citi,2A0L200023,023,cb,"",false,306
crutech,2ABL100250,001,mf,"",false,307
rephidim,2ABL250994,001,mf,"",false,308
stallion,2ABL100223,001,mf,"",false,309
ewt,2ABL100386,000,mf,"",false,310
ffs,2ABL100442,001,mf,"",false,311
jaiz,2A0L100025,0001,"","",false,317
providus,2A0L200101,001,"","",false,319
heritage,2A0L200030,001,"","",false,322
unity,2A0L200215,999,"","",false,323
gtbank,1A0L200058,100,cb,"",false,328
stanchart,1A0L200068,001,"","",false,329
firstbank,1A0L200011,100,cb,"",false,330
alcott,2A2L100472,001,cb,"",false,331
nestle,2CFL100466,001,cb,"",false,333
finderiv,2A2L100005,001,cb,"",false,334
nexim,2A1L100002,001,cb,"",false,337
custodian,2ABL100318,001,mf,"",false,338
ipapo,2ABL100310,001,mf,"",false,339
osanta,2ABL100365,001,mf,"",false,340
mgbidi,2ABL100707,001,mf,"",false,341
island,2ABL100355,001,mf,"",false,342
iwa,2ABL100363,001,mf,"",false,344
molusi,2ABL100254,001,mf,"",false,345
nanka,2ABL100603,001,mf,"",false,346
cfs,2A2L100067,001,cb,"",false,348
crest,2ABL100331,001,mf,"",false,349
dolphin,2ABL100376,001,mf,"",false,350
abbey,2A4L290031,001,mg,,false,287
fcmb,1A0L200214,001,cb,,false,336
navy,2ABL100237,001,mf,,false,255
boi,2A1L100001,000,cb,,false,241
royalexchangefin,2A2L100199,001,cb,,false,335
royalexchangemfb,2ABL100326,001,mf,,false,270
letshego,2ABL100003,000,mf,,false,254
mainstreetmfb,2ABL100135,001,mf,,false,271
nerfund,2A1L100465,001,cb,,false,332
suntrust,2A0L200100,001,cb,,false,316
nbplc,2AFL100805,001,cb,,false,347
okearo,2ABL100302,001,mf,,false,343
polaris,2A0L200076,136,cb,,false,326
access,1A0L200044,099,cb,,false,312
union,1A0L200032,001,cb,,false,314
zenith,2A0L200057,00,cb,,false,321
wema,2A0L200035,10,cb,,false,313
uba,1A0L200033,0999,cb,,false,288
fedpolynasarawa,2ABL100173,001,mf,,false,278
diamond,1A0L200063,016,cb,,false,327
sterling,2A0L200232,223,cb,,false,315
firstroyal,2ABL100181,001,mf,,false,257
stanbic,1A0L200216,001,cb,,false,324
ifesowapo,2ABL100111,001,mf,"",false,351
rand,2A1L100114,001,cb,"",false,352
ikorodu,2ABL100605,001,mf,"",false,353
ilora,2ABL100634,001,mf,"",false,354
light,2ABL100382,001,mf,"",false,355
oritabasorun,2ABL100676,001,mf,"",false,356
osi,2ABL100328,001,mf,NULL,false,357
firstoption,2ABL100993,001,mf,,false,1530
unibadan,2ABL100330,001,mf,NULL,false,359
grooming,2ABL100638,001,mf,NULL,false,360
civic,2ABL100788,001,mf,"",false,361
fame,2ABL100383,001,mf,"",false,362
ebedi,2ABL100364,001,mf,"",false,363
bethesda,2ABL100680,001,mf,"",false,364
mandm,2ABL100021,001,mf,"",false,365
ngbo,2ABL100540,001,mf,"",false,366
ours,2ABL100651,001,mf,"",false,367
sincere,2ABL100300,001,mf,NULL,false,368
yes,2ABL100393,001,mf,"",false,369
welfare,2ABL100729,001,mf,"",false,370
carbon,2ABL100037,001,mf,,false,912
ucb,2ABL100385,001,mf,"",false,372
aiyepe,2ABL100387,001,mf,NULL,false,374
chanelle,2ABL100301,001,mf,"",false,375
uromi,2ABL100374,001,mf,"",false,377
prudentialcoop,2ABL100444,001,mf,"",false,378
isaleoyo,2ABL100485,001,mf,"",false,379
borgu,2ABL100558,001,mf,"",false,380
unn,2ABL100645,001,mf,"",false,381
mapoly,2ABL100731,001,mf,"",false,382
bundi,2ABL100671,001,mf,"",false,383
balogungambari,2ABL100754,001,mf,"",false,384
futuregrowth,2ABL100075,001,mf,"",false,385
alvana,2ABL100855,001,mf,"",false,386
creditdirect,2ABL100033,001,mf,"",false,387
kankara,2ABL100763,001,mf,"",false,388
infinitysavings,2A4L290002,001,mg,"",false,389
cherish,2ABL100810,001,mf,"",false,390
haggai,2A4L290065,001,mg,"",false,391
brent,2A4L290070,001,mg,"",false,392
abmfb,2ABL100013,001,mf,"",false,393
monarch,2ABL100779,001,mf,"",false,394
ihiala,2ABL100600,001,mf,"",false,395
bancorp,2A2L100081,001,cb,"",false,396
fundquest,2A2L100159,001,cb,"",false,397
deltatrust,2A4L100153,001,mg,"",false,398
abigi,2ABL100348,001,mf,"",false,400
ace,2ABL100258,001,mf,"",false,401
ajikobi,2ABL100726,001,mf,"",false,402
amegy,2ABL100575,001,mf,"",false,403
bayero,2ABL100637,001,mf,"",false,404
avuenegbe,2ABL100358,001,mf,"",false,405
zion,2ABL100679,001,mf,"",false,407
xslnce,2ABL100379,001,mf,"",false,408
boromu,2ABL100333,001,mf,"",false,409
bluewhales,2ABL100448,001,mf,"",false,410
beststar,2ABL100695,001,mf,"",false,411
adazienu,2ABL100384,001,mf,"",false,412
solidrock,2ABL100719,001,mf,"",false,413
npf,2ABL100133,001,mf,"",false,414
omoluabi,2A4L290088,001,mg,"",false,417
creekline,2ABL100226,001,mf,,false,816
covenant,2ABL100142,001,mf,,false,817
confluence,2ABL100746,001,mf,,false,818
cemcs,2ABL100882,001,mf,,false,819
bunkasa,2ABL100225,001,mf,,false,820
bauchiinvest,2ABL100653,001,mf,,false,821
bowen,2ABL100097,001,mf,,false,822
infra,2A1L100122,001,cb,,false,823
ndiolu,2ABL100703,001,mf,,false,843
nkpologwu,2ABL100388,001,mf,,false,844
umuchukwu,2ABL100552,001,mf,,false,861
yankari,2ABL100610,001,mf,,false,862
lavender,2ABL100248,001,mf,,false,863
hallowed,2ABL100392,001,mf,,false,865
oche,2ABL100190,001,mf,,false,866
ijare,2ABL100306,001,mf,,false,867
nwannegadi,2ABL100710,001,mf,,false,869
nkpolu,2ABL100588,001,mf,,false,871
okengwe,2ABL100186,001,mf,,false,872
uzondu,2ABL100705,001,mf,,false,873
oluchukwu,2ABL100403,001,mf,,false,874
ebsu,2ABL100887,001,mf,,false,875
enede,2ABL100544,001,mf,,false,876
ichi,2ABL100416,001,mf,,false,877
prospects,2ABL100866,001,mf,,false,878
uandc,2ABL100150,001,mf,,false,879
akalabo,2ABL100467,001,mf,,false,880
anya,2ABL100885,001,mf,,false,881
csd,2ABL100240,001,mf,,false,882
bauchicfa,2ABL100592,001,mf,,false,884
chukwunenye,2ABL100466,001,mf,,false,885
chrisore,2ABL100417,001,mf,,false,886
model,2ABL100414,001,mf,,false,887
visa,2ABL100089,001,mf,,false,889
igboukwu,2ABL100602,001,mf,,false,890
blueprint,2ABL100440,001,mf,,false,891
ospoly,2ABL100608,001,mf,,false,892
motionyield,2ABL100244,001,mf,,false,893
sagamu,2ABL100549,001,mf,,false,894
rehoboth,2ABL100189,001,mf,,false,895
fadama,2ABL100616,001,mf,,false,896
citygate,2A2L100276,001,cb,,false,897
easyaccess,2ABL100649,001,mf,,false,898
egwafin,2ABL100550,001,mf,,false,899
kwasu,2ABL100736,001,mf,,false,901
leadcity,2ABL100439,001,mf,,false,902
maritime,2ABL100272,001,mf,,false,903
moyofade,2ABL100424,001,mf,,false,904
otukpo,2ABL100564,001,mf,,false,905
pillar,2ABL100412,001,mf,,false,906
verdant,2ABL100110,001,mf,,false,907
sunbeam,2ABL100428,001,mf,,false,908
trident,2ABL100790,001,mf,,false,909
bokkos,2ABL100714,001,mf,,false,910
abokie,2ABL100781,001,mf,,false,911
fidelity,2A0L200070,016,cb,,false,320
moneytrust,2ABL100829,001,mf,,false,913
jubilee,2A4L290045,001,mg,,false,415
awkamfb,2ABL100658,001,mf,,false,406
refuge,2A4L290067,001,mg,,false,888
imodi,2ABL100242,001,mf,,false,900
tarabamfb,2ABL100594,001,mf,,false,416
annointed,2ABL100213,001,mf,,false,371
rimagrowthmfb,2ABL100402,001,mf,,false,358
firstmortgage,2A4L290042,001,mg,,false,399
benuemfb,2ABL100623,001,mf,,false,376
,,,,,false,864
confidence,2ABL100565,001,mf,,false,825
kontagora,2ABL100583,001,mf,,false,826
khb,2ABL100497,001,mf,,false,827
assurance,2ABL101182,001,mf,,false,1531
corestep,2ABL100817,001,mf,,false,829
egbe,2ABL100501,001,mf,,false,831
catland,2ABL100227,001,mf,,false,832
citizentrust,2ABL100764,001,mf,,false,833
grants,2ABL100527,001,mf,,false,834
hamda,2ABL100316,001,mf,,false,835
renmoney,2ABL100055,001,mf,,false,845
ilo,,,,,false,847
topclass,2ABL100418,001,mf,,false,846
unical,2ABL100270,001,mf,,false,870
obodoukwu,2ABL100873,001,mf,,false,828
nakowa,2ABL100780,001,mf,,false,914
bckash,2ABL100293,001,mf,,false,915
sunrise,2ABL100099,001,mf,,false,917
gmb,2ABL100631,001,mf,,false,918
ndiorah,2ABL100607,001,mf,,false,919
aella,2ABL100271,001,mf,,true,920
finca,2ABL100295,001,mf,,false,921
fud,2ABL100496,001,mf,,false,922
gowans,2ABL100435,001,mf,,false,923
support,2ABL100834,001,mf,,false,925
zedvance,2ABL100167,001,mf,,false,926
awkaetiti,2ABL100476,001,mf,,false,927
egbemoha,2ABL100888,001,mf,,false,928
halmond,2ABL100861,001,mf,,false,929
eagleflight,2ABL100169,001,mf,,false,930
boluwaduro,2ABL100872,001,mf,,false,932
borno,2ABL100803,001,mf,,false,931
royallifekey,2ABL100144,001,mf,,false,933
umejei,2ABL100192,001,mf,,false,934
cashrite,2ABL100852,001,mf,,false,935
omuma,2ABL100878,001,mf,,false,936
pentecost,2ABL100381,001,mf,,false,937
babura,2ABL100692,001,mf,,false,938
bayajidda,2ABL100541,001,mf,,false,939
womendevelopment,2ABL100539,001,mf,,false,940
lagosbuilding,2A4L290052,001,mg,,false,941
utako,2ABL100063,001,mf,,false,942
premium,2ABL100434,001,mf,,false,943
kenechukwu,2ABL100643,001,mf,,false,944
kadpoly,2ABL100291,001,mf,,false,945
jewelcoop,2ABL100609,001,mf,,false,946
skyline,2ABL100107,001,mf,,false,947
riverside,2ABL100241,001,mf,,false,948
everest,2ABL100360,001,mf,,false,949
ilorin,2ABL100737,001,mf,,false,924
olowolagba,2ABL100697,001,mf,,false,1082
atbumfb,2ABL100626,001,mf,,false,1083
bridgeway,2ABL100818,001,mf,,false,1084
snow,2ABL100278,001,mf,,false,1086
iperu,2ABL100347,001,mf,,false,1087
victory,2ABL100395,001,mf,,false,1088
busu,2ABL100757,001,mf,,false,1089
safetrust,2A4L290069,001,mg,,false,1090
utfinancial,2A2L100090,001,cb,,false,1091
oba,2ABL100399,001,mf,,false,1092
chibueze,2ABL100685,001,mf,,false,1093
multivest,2ABL100259,001,mf,,false,1094
umuawulu,2ABL100700,001,mf,,false,1095
kcmb,2ABL100282,001,mf,,false,1096
ocon,2ABL100627,001,mf,,false,1097
iloffa,2ABL100327,001,mf,,false,848
supra,2A2L100098,001,cb,,false,1098
albarakah,2ABL100828,001,mf,,false,1099
olofinowena,2ABL100876,001,mf,,false,1100
iyamoye,2ABL100819,001,mf,,false,1101
lsetf,2A9L100930,001,cb,,false,1102
nmrc,2A1L100927,001,cb,,false,1103
parkway,2ABL100002,001,mf,,false,1104
moneyfarm,2A2L100290,001,cb,,false,1105
starmfb,2ABL100100,001,mf,,false,1106
stirling,2A2L100018,001,cb,,false,1109
tcf,2ABL100362,001,mf,,false,1110
adaigbo,2ABL100195,001,mf,,false,1111
surelife,2ABL100413,001,mf,,false,1013
branch,2ABL100926,001,mf,,false,1112
midland,2ABL100138,001,mf,,false,1113
paradigm,2A2L100464,001,cb,,false,1114
alor,2ABL100587,001,mf,,false,1115
chase,2ABL100814,001,mf,,false,1116
viva,2A2L100239,001,cb,,false,1117
penny,2A2L100909,001,cb,,false,1119
diobu,2ABL100155,001,mf,,false,1120
akwasavings,2A4L290012,001,mg,,false,1121
kankia,2ABL100517,001,mf,,false,1123
bibajinre,2ABL100903,001,mf,,false,1124
ctwentyfourmfb,2ABL100931,001,mf,,false,1118
interland,2ABL100238,001,mf,,false,1125
yabo,2ABL100606,001,mf,,false,1126
uvuru,2ABL100875,001,mf,,false,1127
betterlife,2ABL100503,001,mf,,false,1128
michika,2ABL100506,001,mf,,false,1129
novel,2ABL100808,001,mf,,false,1130
orokam,2ABL100749,001,mf,,false,1131
nsehe,2ABL100464,001,mf,,false,1132
oraukwu,2ABL100341,001,mf,,false,1133
nsu,2ABL100910,001,mf,,false,1134
tfmfb,2ABL100862,001,mf,,false,1136
baure,2ABL100593,001,mf,,false,1137
trustbond,2A4L290084,001,mg,,false,1138
rolez,2ABL100845,001,mf,,false,1139
sandamu,2ABL100546,001,mf,,false,1140
rano,2ABL100533,001,mf,,false,1141
iyeruokin,2ABL100650,001,mf,,false,1142
firstmultiple,2ABL100522,001,mf,,false,1143
chronicles,2ABL100633,001,mf,,false,1144
resort,2A4L290068,001,mg,,false,1145
susu,2ABL100007,001,mf,,false,1146
kwacofocus,2ABL100908,001,mf,,false,1147
kunagaba,2ABL100508,001,mf,,false,1148
nasarawa,2ABL100547,001,mf,,false,1149
ezebo,2ABL100154,001,mf,,false,1150
developmentbank,2A1L100917,001,cb,,false,1151
mainland,2ABL100939,001,mf,,false,1152
ifelodun,2ABL100938,001,mf,,false,1155
babba,2ABL100526,001,mf,,false,1156
asosavings,2A4L290001,001,mg,,false,1153
asha,2ABL100096,001,mf,,false,1157
mbaitoli,2ABL100203,001,mf,,false,1135
alert,2ABL100344,001,mf,,false,830
coalcamp,2ABL100944,001,mf,,false,1154
,2AFL100161,001,mg,,false,1107
aacb,2ABL100660,001,mf,,false,1158
edfin,2ABL100825,001,mf,,false,1085
trustbanc,2ABL100484,001,mf,,false,1122
obosi,2ABL100469,001,mf,,false,836
adaziunukwu,2ABL100488,001,mf,,false,837
livingspring,2ABL100571,001,mf,,false,838
ibile,2ABL100820,001,mf,,false,839
ibuaje,2ABL100421,001,mf,,false,840
ifedapo,2ABL100324,001,mf,,false,841
stockcorp,2ABL100284,001,mf,,false,850
ulayin,2ABL100429,001,mf,,false,851
zei,2ABL101169,001,mf,,false,1560
merchant,2ABL100669,001,mf,,false,853
olubasiri,2ABL100419,001,mf,,false,854
garewa,2ABL100611,001,mf,,false,855
randalpha,2ABL100455,001,mf,,false,856
ideato,2ABL100890,001,mf,,false,950
awe,2ABL100648,001,mf,,false,951
aquila,2A2L100091,001,cb,,false,952
addosser,2ABL100031,001,mf,,false,953
awkuzu,2ABL100471,001,mf,,false,954
platinum,2A4L290083,001,mg,,false,956
emeralds,2ABL100350,001,mf,,false,957
bankofagric,2A1L100180,001,cb,,false,955
crownrise,2A2L100847,001,cb,,false,958
obollo,2ABL100702,001,mf,,false,959
umuchinemere,2ABL100687,001,mf,,false,852
greenfinance,2ABL100797,001,mf,,false,966
ilaropoly,2ABL100246,001,mf,,false,969
parallex,2ABL100124,001,mf,,false,970
eastgate,2ABL100717,001,mf,,false,971
zafec,2ABL100530,001,mf,,false,972
goldman,2ABL100569,001,mf,,false,973
seedvestmfb,2ABL100020,001,mf,,false,975
ummah,2ABL100538,001,mf,,false,976
frontline,2A2L100257,001,cb,,false,978
ini,2ABL100582,001,mf,,false,979
kadupe,2ABL100222,001,mf,,false,981
pana,2ABL100901,001,mf,,false,982
rakib,2ABL100513,001,mf,,false,983
mabinas,2ABL100165,001,mf,,false,984
madelyn,2ABL100274,001,mf,,false,985
nenzit,2ABL100247,001,mf,,false,986
abia,2ABL100699,001,mf,,false,987
coemfb,2ABL100451,001,mf,,false,988
maintrust,2ABL100813,001,mf,,false,989
oakland,2ABL100308,001,mf,,false,990
wstc,2A2L100035,001,cb,,false,991
resolutionfin,2A2L100182,001,cb,,false,992
tarabasavings,2A4L100123,001,mg,,true,994
imperialhomes,2A4L290058,001,mg,,true,995
othreecapital,2A2L100147,001,cb,,false,997
fedpolynekede,2ABL100871,001,mf,,false,998
insight,2ABL100778,001,mf,,false,999
progressivelink,2ABL100555,001,mf,,false,857
ishiagu,2ABL100833,001,mf,,false,1000
waila,2ABL100112,001,mf,,false,1001
yeneng,2ABL100827,001,mf,,false,1002
lighthouse,2A2L100103,001,cb,,false,1003
homebase,2A4L290095,001,mg,,false,967
gateway,2A4L290087,001,mg,,false,968
dignityfinance,2A2L100082,001,cb,,false,373
oyan,2ABL100482,001,mf,,false,1004
oroke,2ABL100313,001,mf,,false,1005
biofem,2AFL100076,001,cb,,false,1006
mantrac,2AFL100265,001,cb,,false,1007
okuku,2ABL100745,001,mf,,false,1008
fgmb,2A4L100161,001,mg,,false,1009
hasal,2ABL100074,001,mf,,false,1011
kogisavings,2A4L290029,001,mg,,false,1012
futminna,2ABL100359,001,mf,,false,1014
derealpeople,2A2L100054,001,cb,,false,1015
aboveonly,2ABL100367,001,mf,,false,1016
colink,2A2L100785,001,cb,,false,1017
ogberuru,2ABL100891,001,mf,,false,1018
bejindoko,2ABL100515,001,mf,,false,1019
ally,2ABL100494,001,mf,,false,1020
azabe,2ABL100800,001,mf,,false,1021
equinox,2ABL100604,001,mf,,false,1022
keffi,2ABL100537,001,mf,,false,1023
northbridge,2ABL100551,001,mf,,false,1025
bam,2ABL100022,001,mf,,false,1026
brightway,2ABL100320,001,mf,,false,1027
bubayero,2ABL100590,001,mf,,false,1028
ekondo,2ABL100200,001,mf,,false,1029
algreb,2ABL100846,001,mf,,false,1031
bethel,2ABL100740,001,mf,,false,1032
apple,2ABL100462,001,mf,,false,1033
bawyi,2ABL100567,001,mf,,false,1034
fta,2ABL100772,001,mf,,false,1036
amcon,2A1L100032,001,cb,,false,1035
malachy,2ABL100572,001,mf,,false,1037
ishie,2ABL100570,001,mf,,false,1038
sulspap,2ABL100854,001,mf,,false,1039
sapida,2ABL100235,001,mf,,false,1040
honey,2ABL100253,001,mf,,false,1041
gombe,2ABL100480,001,mf,,false,1042
iwoyeijesa,2ABL100423,001,mf,,false,1043
businesssupport,2ABL100059,001,mf,,false,1044
balogunfulani,2ABL100730,001,mf,,false,1046
safeline,2ABL100492,001,mf,,false,1047
polyibadan,2ABL100446,001,mf,,false,1049
,,,,,false,1050
mautech,2ABL100505,001,mf,,false,1051
destiny,2ABL100640,001,mf,,false,1052
thomasgilts,2A2L100340,001,cb,,false,977
brass,2ABL100755,001,mf,,false,1053
osina,2ABL100706,001,mf,,false,1054
gudusisa,2ABL100561,001,mf,,false,1055
abumfb,2ABL100232,001,mf,,false,1056
ada,2ABL100371,001,mf,,false,1057
iyinekiti,2ABL100436,001,mf,,false,1058
aniocha,2ABL100196,001,mf,,false,1059
omiye,2ABL100893,001,mf,,false,1060
personaltrust,2ABL100654,001,mf,,false,1061
osomhe,2ABL100851,001,mf,,false,1062
stellas,2ABL100815,001,mf,,false,1063
girei,2ABL100548,001,mf,,false,1064
partnership,2ABL100874,001,mf,,false,1065
goodshepherd,2ABL100896,001,mf,,false,1066
grandtreasurers,2A2L100725,001,cb,,false,1067
leconfin,2A2L100016,001,cb,,false,1068
esoe,2ABL100463,001,mf,,false,1048
umunnachi,2ABL100789,001,mf,,false,849
mouauvasmucs,2ABL100612,001,mf,,false,974
rosabon,2A2L100006,001,cb,,false,1030
newprudential,2A4L290059,001,mg,,false,1010
amju,2ABL100175,001,mf,,false,1045
pagefin,2A2L100987,001,cb,,false,980
udic,2A2L100988,001,cb,,false,993
fastcredit,2A2L100989,001,cb,,false,1024
solynta,2AFL101187,001,cb,,false,1533
otuo,2ABL100618,001,mf,,false,858
orilonise,2ABL100447,001,mf,,false,859
oraezue,2ABL100468,001,mf,,false,860
oko,2ABL100830,001,mf,,false,960
onibuore,2ABL100311,001,mf,,false,961
tanadi,2ABL100787,001,mf,,false,962
barnawa,2ABL100261,001,mf,"",false,747
bosak,2ABL100069,001,mf,"",false,748
touchgold,2ABL100126,001,mf,NULL,false,749
eloemede,2ABL100209,001,mf,"",false,750
omuaran,2ABL100337,001,mf,"",false,751
eacapital,2A2L100171,001,cb,,false,963
cashlink,2A2L100009,001,cb,,false,1534
okuta,2ABL100372,001,mf,"",false,754
foresight,2ABL100411,001,mf,"",false,755
unubi,2ABL100454,001,mf,"",false,756
iba,2ABL100474,001,mf,"",false,757
pathfinder,2ABL100811,001,mf,"",false,758
nice,2ABL100682,001,mf,"",false,759
ebarcs,2ABL100093,001,mf,,false,965
ugborimili,2ABL100636,001,mf,,false,964
caretaker,2ABL100456,001,mf,"",false,762
glory,2ABL100812,001,mf,,false,1069
kabo,2ABL100693,001,mf,,false,1070
ehor,2ABL100369,001,mf,,false,1071
aguleri,2ABL100849,001,mf,,false,1072
corecapital,2A2L100921,001,cb,,false,1073
balera,2ABL100178,001,mf,"",false,769
bojiboji,2ABL100194,001,mf,"",false,770
iyede,2ABL100174,001,mf,"",false,771
nsukka,2ABL100750,001,mf,,false,1074
sabonyelwa,2ABL100322,001,mf,"",false,774
firstheritage,2ABL100728,001,mf,"",false,776
ibeto,2ABL100475,001,mf,"",false,777
prosperity,2ABL100617,001,mf,"",false,778
numo,2ABL100859,001,mf,"",false,779
gbede,2ABL100207,001,mf,"",false,780
crevance,2A2L100848,001,cb,"",false,781
ukpor,2ABL100389,001,mf,"",false,782
ogboefere,2ABL100701,001,mf,"",false,783
nutokebola,2ABL100438,001,mf,"",false,784
shanono,2ABL100655,001,mf,"",false,785
ranmilowo,2ABL100321,001,mf,NULL,false,786
oscotech,2ABL100759,001,mf,"",false,787
omak,2ABL100752,001,mf,"",false,788
ojatesan,2ABL100432,001,mf,"",false,790
mbawulu,2ABL100400,001,mf,"",false,791
challenge,2ABL100516,001,mf,"",false,792
ibolo,2ABL100735,001,mf,"",false,793
matrixenergy,2AFL100798,001,cb,"",false,794
primera,2ABL100156,001,mf,"",false,795
nounmfb,2ABL100465,001,mf,,false,1076
owotutu,2ABL100141,001,mf,,false,1077
directbridge,2ABL100268,001,mf,"",false,798
redoak,2A2L100838,001,cb,"",false,799
kudi,2A2L100479,001,cb,"",false,801
fbnmerchant,2A1L260004,001,cb,"",false,802
garki,2ABL100060,001,mf,,false,1080
abestone,2ABL100919,001,mf,,false,1081
creditefinance,2A2L100345,001,cb,,false,789
oroscapital,2ABL100877,001,mf,,false,1079
custodianallied,2A3L100312,001,cb,,false,1160
frebson,2A2L100336,001,cb,"",false,811
wudil,2ABL100666,001,mf,,false,1161
umuoji,2ABL100659,001,mf,,false,1163
townserve,2ABL100843,001,mf,,false,1164
eduek,2ABL100929,001,mf,,false,1166
uniuyo,2ABL100595,001,mf,,false,1167
ajewole,2ABL100711,001,mf,,false,1168
wetland,2ABL100935,001,mf,,false,1169
utuh,2ABL100662,001,mf,,false,1170
westley,2ABL100848,001,mf,,false,1162
imostate,2ABL100816,001,mf,,false,1171
kope,2ABL100839,001,mf,,false,1172
fullrange,2ABL100867,001,mf,,false,1173
nigprison,2ABL100856,001,mf,,false,1174
fastmfb,2ABL100905,001,mf,,false,1175
akcofed,2ABL100574,001,mf,,false,1176
hinache,2ABL100770,001,mf,,false,1159
rima,2ABL100761,001,mf,,false,1179
anchorage,2ABL100073,001,mf,,false,1180
naisa,2ABL100297,001,mf,,false,1181
unimaid,2ABL100881,001,mf,,true,1182
izon,2ABL100906,001,mf,,false,1183
murphy,2AFL100366,001,cb,,false,1184
Zamare,2ABL100766,001,mf,,false,1185
Dutsinma,2ABL100579,001,mf,,false,1186
petra,2ABL100826,001,mf,,false,1187
langtang,2ABL100532,001,mf,,false,1188
bmazazhin,2ABL100748,001,mf,,false,1189
hertrade,2ABL100936,001,mf,,false,1190
gashua,2ABL100722,001,mf,,false,1191
broadview,2ABL100823,001,mf,,false,1192
amoye,2ABL100753,001,mf,,false,1193
firstindex,2ABL100698,001,mf,,false,1194
phoenix,2ABL100902,001,mf,,false,1196
zigate,2ABL100912,001,mf,,false,1197
canaan,2ABL100928,001,mf,,false,1198
dangizhi,2ABL100806,001,mf,,false,1199
hackman,2ABL100822,001,mf,,false,1200
ukwala,2ABL100724,001,mf,,false,1201
akudiewa,2ABL100945,001,mf,,false,1202
ogbete,2ABL100642,001,mf,,false,1203
fufore,2ABL100802,001,mf,,false,1204
reality,2ABL100647,001,mf,,false,1205
yobemfb,2ABL100920,001,mf,,false,1206
legend,2ABL100481,001,mf,,false,1207
janmaa,2ABL100880,001,mf,,false,1208
imt,2ABL100577,001,mf,,false,916
grofin,2A2L100011,001,cb,,false,1108
activepoint,2ABL100954,001,mf,,false,1209
palmcoast,2ABL100354,001,mf,,false,1210
sabi,2ABL100925,001,mf,,true,1211
federalmortgage,2A1L100034,001,cb,,false,868
olofin,2ABL100426,001,mf,,false,1212
katagum,2ABL100868,001,mf,,false,1213
capstone,2ABL100086,001,mf,,false,1214
gamawa,2ABL100531,001,mf,,false,1215
meridian,2ABL100460,001,mf,,false,1216
ohha,2ABL100899,001,mf,,false,1217
fcmbmfb,2ABL100923,001,mf,,false,1218
creditplus,2ABL100911,001,mf,,false,1177
astrapolaris,2ABL100329,001,mf,,false,775
opticom,2A2L100057,001,cb,,false,800
pilotfin,2A2L100078,001,cb,,false,1165
mutualbenefits,2ABL100012,001,mf,,false,1075
baobab,2ABL100164,001,mf,,false,1078
ikoyiile,2ABL100795,001,mf,,false,1195
hamada,2ABL100678,001,mf,,false,1219
npfmortgage,2A4L290086,001,mg,,false,996
shalom,2ABL100940,001,mf,,false,1220
odoakpu,2ABL100897,001,mf,,false,1221
imopoly,2ABL100900,001,mf,,false,1222
urbanmfb,2ABL100727,001,mf,,false,1178
layelu,2ABL100751,001,mf,,false,1223
cowries,2ABL100844,001,mf,,false,1532
,,,,,false,1224
headway,2ABL100821,001,mf,,false,1225
yct,2ABL100860,001,mf,,false,1226
futo,2ABL100131,001,mf,,false,1227
aghomes,2A4L290077,001,mg,,false,1228
grandmfb,2ABL100955,001,mf,,false,1229
brooks,2ABL100952,001,mf,,false,1230
mayfresh,2A4L100315,001,mg,,false,1231
akwengwu,2ABL100557,001,mf,,false,1232
stillearth,2A2L100932,001,cb,,false,1233
yauri,2ABL100524,001,mf,,false,1234
bestway,2ABL100668,001,mf,,false,1235
totaltrust,2ABL100407,001,mf,,false,1236
uvuoma,2ABL100694,001,mf,,false,1237
template,1A0L199999,001,cb,,false,1238
standardmfb,2ABL100580,001,mf,,false,1239
richway,2ABL100835,001,mf,,false,1241
nirsal,2A9L100831,001,cb,,false,1242
fimsmfb,2ABL100504,001,mf,,false,1243
eti,2AFL100899,10,cb,,false,1245
ifeanyichukwu,2ABL100950,001,mf,,false,1246
millennium,2ABL100870,001,mf,,false,1247
oou,2ABL100236,001,mf,,false,1248
priscomfb,2ABL100689,001,mf,,false,1249
slsmfb,2ABL100275,001,mf,,false,1250
gaaakanbi,2ABL100733,001,mf,,false,1251
unifa,2ABL100661,001,mf,,false,1252
moneywell,2ABL100591,001,mf,,false,1253
financeandcomm,2A2L100101,001,cb,,false,1255
bflmfb,2ABL100071,001,mf,,false,1256
nsuk,2ABL100975,001,mf,,false,1257
gulfare,2ABL100739,001,mf,,false,1258
polyunwana,2ABL100956,001,mf,,false,1259
oaumfb,2ABL100380,001,mf,,false,1260
biyama,2ABL100585,001,mf,,false,1261
akpo,2ABL100663,001,mf,,false,1240
stanford,2ABL100857,001,mf,,false,1262
peniel,2ABL100286,001,mf,,false,1263
okwooha,2ABL100947,001,mf,,false,1264
magnetmfb,2ABL100793,001,mf,,false,1265
unaab,2ABL100281,001,mf,,false,1266
uga,2ABL100289,001,mf,,false,1267
okpoga,2ABL100743,001,mf,,false,1268
westendmfb,2ABL100865,001,mf,,false,1269
magajingari,2ABL100784,001,mf,,false,1270
modiya,2ABL100578,001,mf,,false,1271
infinitymfb,2ABL100288,001,mf,,false,1272
fortis,2ABL100028,001,mf,,false,1273
mwaghavul,2ABL100486,001,mf,,false,1274
apextrust,2ABL100433,001,mf,,false,1275
arise,2ABL100933,001,mf,,false,1276
okpe,2ABL100620,001,mf,,false,1277
global,2ABL100184,001,mf,,false,1278
uli,2ABL100914,001,mf,,false,1279
equator,2ABL100279,001,mf,,false,1280
fsdh,2A1L260001,001,cb,,false,318
goldenfund,2ABL100943,001,mf,,false,1281
ohon,2ABL100520,001,mf,,false,1282
kebbihomes,2A4L290028,001,mg,,false,1283
iludunoro,2ABL100883,001,mf,,false,1284
bonghe,2ABL100490,001,mf,,false,1285
salfol,2ABL100628,001,mf,,false,1286
ogige,2ABL100641,001,mf,,false,1287
mayfield,2ABL100143,001,mf,,false,1288
royal,2ABL100151,001,mf,,false,1291
isiuzo,2ABL100967,001,mf,,false,1289
legacy,2ABL100273,001,mf,,false,1292
madobi,2ABL100536,001,mf,,false,1293
gwong,2ABL100234,001,mf,,false,1295
F,,,,,false,1296
finex,2ABL100256,001,mf,,false,1297
ndiagu,2ABL100949,001,mf,,false,1298
links,2ABL100884,001,mf,,false,1299
okeagbe,2ABL100307,001,mf,,false,1300
michaelokpara,2ABL100962,001,mf,,false,1294
centage,2A4L290035,001,mg,,false,1301
sureanchor,2ABL100976,001,mf,,false,1302
dominionmfb,2ABL100601,001,mf,,false,1303
osogbo,2ABL100974,001,mf,,false,1304
greenenergy,2ABL100252,001,mf,,false,1305
shongom,2ABL100553,001,mf,,false,1306
sarkinkudu,2ABL100769,001,mf,,false,1307
nnokwa,2ABL100721,001,mf,,false,1308
umunne,2ABL100635,001,mf,,false,1309
dominionfin,2A2L100158,001,cb,,false,1310
noble,2ABL100342,001,mf,,false,1311
calabarmfb,2ABL100958,001,mf,,false,1312
unilorinmfb,2ABL100335,001,mf,,false,1313
ikoyiosun,2ABL100422,001,mf,,true,1314
aogo,2ABL100325,001,mf,,false,1315
newage,2ABL100309,001,mf,,false,1316
ikire,2ABL100738,001,mf,,false,1317
nopov,2ABL100228,001,mf,,false,1318
zazzau,2ABL100280,001,mf,,false,1319
beyondcredit,2ABL100972,001,mf,,false,1321
josad,2ABL100895,001,mf,,false,1322
ideamili,2ABL100657,001,mf,,false,1323
maxitrust,2ABL200149,001,mf,,false,842
iwade,2ABL100249,001,mf,,false,1324
decenugu,2ABL100644,001,mf,,false,1325
ologbon,2ABL100445,001,mf,,false,1326
aramoko,2ABL100430,001,mf,,false,1327
grnet,2ABL100453,001,mf,,false,1328
chigbeyaji,2ABL100760,001,mf,,false,1329
jigawasavings,2A4L290025,001,mg,,false,1330
phed,2A7L100267,001,cb,,false,1331
igbooramfb,2ABL100630,001,mf,,false,1332
bayetin,2ABL100756,001,mf,,false,1333
nun,2ABL100597,001,mf,,false,1334
bellcredit,2ABL100983,001,mf,,false,1336
zefa,2ABL100986,001,mf,,false,1338
globalsavings,2A4L290046,001,mg,,false,1339
edomfb,2ABL100995,001,mf,,false,1340
goldenchoice,2ABL101004,001,mf,,false,1341
borstal,2ABL100166,001,mf,,false,1343
narict,2ABL100589,001,mf,,false,1344
nagarta,2ABL100562,001,mf,,false,1290
trustmfb,2ABL100946,001,mf,,false,1254
surbpolitan,2ABL100937,001,mf,,false,1335
bridgecredit,2ABL101073,001,mf,,false,1342
enugwkwu,2ABL100704,001,mf,,false,1320
achina,2ABL100994,001,mf,,false,1345
ohafia,2ABL100708,001,mf,,false,1346
maigatari,2ABL100556,001,mf,,false,1347
refugegate,2ABL101016,001,mf,,false,1348
danels,2ABL100058,001,mf,,false,1349
ningi,2ABL100624,001,mf,,false,1350
fewchore,2A2L100959,001,cb,,false,1351
greenacre,2ABL100619,001,mf,,false,1352
dambatta,2ABL100674,001,mf,,false,1353
moneywise,2ABL100029,001,mf,,false,1354
tasued,2ABL100576,001,mf,,false,1355
fahimta,2ABL100230,001,mf,,false,1244
woliwo,2ABL101026,001,mf,,false,1356
gobarau,2ABL100586,001,mf,,false,1357
peecorp,2ABL100832,001,mf,,false,1358
ekwulobia,2ABL100907,001,mf,,false,1359
microleasing,2A2L100139,001,cb,,false,1360
abujaleasing,2A2L100087,001,cb,,false,1361
newdawn,2ABL101008,001,mf,,false,1362
stillwaters,2ABL101013,001,mf,,false,1363
evangel,2ABL101020,001,mf,,false,1364
firstmutual,2ABL101022,001,mf,,false,1365
fouani,2A6L100404,001,cb,,false,1451
edumana,2ABL100747,001,mf,,false,1367
tangale,2ABL100621,001,mf,,false,1368
minjibir,2ABL100915,001,mf,,false,1369
ogiyan,2ABL100425,001,mf,,false,1370
kku,2ABL100542,001,mf,,false,1371
obokun,2ABL100964,001,mf,,false,1372
mozfin,2ABL100960,001,mf,,false,1373
tofa,2ABL100491,001,mf,,false,1374
network,2ABL100985,001,mf,,false,1375
ejiamutu,2ABL100979,001,mf,,false,1378
mimi,1A0L200999,001,,cb,false,1379
nkpa,2ABL100984,001,mf,,false,1380
ilutitun,2ABL100304,001,mf,,false,1381
atlascopco,2AFL100406,001,cb,,false,1383
nova,2A1L100991,001,cb,,false,1382
lubeck,2ABL100461,001,mf,,false,1384
eterna,2AFL100990,001,cb,,false,1385
imsumfb,2ABL101017,001,mf,,false,1386
osumenyi,2ABL101037,001,mf,,false,1387
swiftmfb,2ABL101014,001,mf,,false,1388
frontlinemfb,2ABL100977,001,mf,,false,1389
onyx,2ABL100792,001,mf,,false,1390
castle,2ABL101043,001,mf,,false,1391
mtn,2A7L100294,001,cb,,false,1392
merit,2ABL101029,001,mf,,false,1377
quickfund,2ABL101035,001,mf,,false,1394
aspire,2ABL100212,001,mf,,false,1395
shield,2ABL100314,001,mf,,false,1396
jamis,2ABL100615,001,mf,,false,1397
fiyinfolu,2ABL101002,001,mf,,false,1398
solluze,2AFL101018,001,cb,,false,1399
makoda,2ABL100560,001,mf,,false,1400
udoka,2ABL100675,001,mf,,false,1401
nri,2ABL100473,001,mf,,false,1402
obeledu,2ABL100656,001,mf,,false,1403
bishopgate,2ABL101046,001,mf,,false,1404
zawadi,2ABL100953,001,mf,,false,1405
akokwa,2ABL100892,001,mf,,false,1406
candi,2A2L100036,001,cb,,false,1407
eco,2A0L200050,50,cb,,false,325
aliero,2ABL100568,001,mf,,false,1408
ozizza,2ABL100948,001,mf,,false,1409
creditafrique,2ABL101034,001,mf,,false,1410
prestige,2ABL101054,001,mf,,false,1411
evergreen,2ABL101057,001,mf,,false,1412
pecan,2ABL101049,001,mf,,false,1413
rockshield,2ABL101069,001,mf,,false,1414
oliver,2A2L101042,001,cb,,false,1415
bompai,2ABL100563,001,mf,,false,1416
checkoff,2ABL101050,001,mf,,false,1417
cub,2ABL100211,001,mf,,false,1418
amazu,2ABL100957,001,mf,,false,1419
ajuta,2ABL100840,001,mf,,false,1420
consistenttrust,2ABL100431,001,mf,,false,1421
kevico,2AFL101066,001,cb,,false,1422
orangeone,2A2L101062,001,cb,,false,1423
countyfin,2A2L101061,001,cb,,false,1424
newera,2ABL100965,001,mf,,false,1425
forward,2ABL100639,001,mf,,false,1426
quitsfinance,2A2L101065,001,cb,,false,1427
brethren,2ABL101079,001,mf,,false,1428
trustfund,2ABL100373,001,mf,,false,1429
northcapital,2ABL100718,001,mf,,false,1430
endwellmfb,2ABL100741,001,mf,,false,1431
ejindu,2ABL101064,001,mf,,false,1432
norrenberger,2A2L101087,001,cb,,false,1433
bridgehouse,2ABL101025,001,mf,,false,1434
kayvee,2ABL101068,001,mf,,false,1435
shelter,2AFL100255,001,cb,,false,1436
allianzbridge,2A2L101089,001,cb,,false,1437
lidya,2ABL101086,001,mf,,false,1438
adeyemi,2ABL101082,001,mf,,false,1439
manny,2ABL101053,001,mf,,false,1440
fecetu,2ABL101059,001,mf,,false,1441
crossriver,2ABL101090,001,mf,,false,1442
amac,2ABL101085,001,mf,,false,1443
zikado,2ABL101044,001,mf,,false,1444
vinedo,2A2L101091,001,cb,,false,1445
ileoluji,2ABL101104,001,mf,,false,1446
echo,2ABL100791,001,mf,,false,1447
landgold,2ABL100233,001,mf,,false,1448
biznuture,2A2L101113,001,cb,,false,1393
mutualalliance,2A4L100396,001,mg,,false,1449
sumaila,2ABL100510,001,mf,,false,1450
solend,2A2L100996,001,cb,,true,1452
standardlink,2ABL100886,001,mf,,false,1454
mainstreetbankcp,2A2L101112,001,cb,,false,1455
avery,2AFL101096,001,cb,,true,1456
berachah,2ABL101111,001,mf,,true,1457
bidapoly,2ABL101128,001,mf,,false,1458
alphaubulus,2ABL101098,001,mf,,false,1459
hhl,2A2L101010,001,cb,,false,1460
hopealive,2ABL101031,001,mf,,false,1461
ekimogun,2ABL100969,001,mf,,false,1462
ibbuni,2ABL101110,001,mf,,false,1463
bipc,2ABL101115,001,mf,,false,1453
greenbank,2ABL100951,001,mf,,false,1464
macrod,2ABL100197,001,mf,,false,1465
lukefield,2A2L101139,001,cb,,false,1466
ijebuife,2ABL101005,001,mf,,false,1467
firstaccess,2ABL101106,001,mf,,false,1469
orsumfb,2ABL101132,001,mf,,false,1470
crescent,2ABL101138,001,mf,,false,1471
groomingmfb,2ABL101129,001,mf,,false,1472
enrichmfb,2ABL100858,001,mf,,false,1376
stnicholas,2AFL101052,001,cb,,true,1468
cordros,2A2L101077,001,cb,,false,1473
hilltrust,2ABL101170,001,mf,,false,1535
chestnut,2ABL101155,001,mf,,false,1536
multikay,2A2L101203,001,cb,,false,1537
aibio,2ABL101130,001,mf,,false,1538
virtuous,2ABL101024,001,mf,,false,1539
roockyreal,2AFL100285,001,cb,,false,1541
lendha,2ABL101199,001,mf,,false,1542
mega,2ABL100023,001,mf,,false,1543
consumerinv,2A2L101200,001,cb,,false,1544
consumermfb,2ABL100408,001,mf,,false,237
flobal,2A2L101195,001,cb,,false,1545
gemstone,2ABL101191,001,mf,,false,1546
topaz,2ABL101177,001,mf,,false,1547
paycredit,2ABL101194,001,mf,,false,1548
mycredit,2ABL101174,001,mf,,false,1549
ihioma,2ABL100889,001,mf,,false,1550
aonecapital,2ABL101209,001,mf,,false,1551
wavelinegrowth,2ABL101171,001,mf,,false,1552
fincred,2ABL101164,001,mf,,false,1553
csense,2ABL101193,001,mf,,false,1554
adamawahomes,2A4L290011,001,mg,,false,1555
assetmatrix,2ABL101225,001,mf,,false,1556
nirsalmfb,2ABL101234,001,mf,,false,1557
captis,2ABL101178,01,mf,,false,1558
kapitallink,2ABL101231,01,mf,,false,1561
sycamore,2ABL101206,001,mf,,false,1570
beresource,2A2L101011,001,cb,,false,1571
milliasset,2ABL101233,001,mf,,false,1574
spok,2A2L101265,001,cb,,false,1576
abcmfb,2ABL100368,01,mf,,false,1577
emeraldleasing,2AFL101216,001,cb,,false,1575
kenol,2AFL101266,01,cb,,false,1578
cashvance,2ABL101246,001,mf,,false,1579
coralstone,2A2L101133,001,cb,,false,1583
loanplus,2ABL101176,001,mf,,false,1584
firmus,2ABL101220,001,mf,,false,1585
tradepartners,2ABL101283,001,mf,,false,1588
pareto,2ABL101275,001,mf,,false,1591
westwood,2A2L101183,001,cb,,false,1592
sthenic,2ABL101253,001,mf,,false,1593
goldenox,2ABL101292,001,mf,,false,1594
paydayhub,2ABL101240,001,mf,,false,1595
upspring,2ABL101276,01,mf,,false,1596
peninsula,2ABL101001,001,mf,,false,1601
capitalwise,2ABL101175,001,mf,,false,1602
ighomo,2ABL101000,001,mf,,false,1605
supremehelp,2ABL101271,001,mf,,false,1606
seapmfi,2ABL101269,001,mf,,false,1607
ajose,2ABL100998,001,mf,,false,1609
totale,2ABL101310,001,mf,,false,1610
trans,2A2L101280,001,cb,,false,1612
upbridge,2ABL101080,001,mf,,false,1474
glazecredit,2ABL101117,001,mf,,false,1475
bichi,2ABL100942,001,mf,,false,1476
citadel,2ABL100961,001,mf,,false,1502
greenville,2ABL101055,01,mf,,false,1478
smartmicro,2ABL100980,01,mf,,false,1479
benysta,2ABL101145,001,mf,,true,1480
consynergy,2A2L100997,001,cb,,true,1481
everyday,2ABL101058,001,mf,,true,1484
capitalfield,2A2L101070,001,cb,,true,1483
guardiancredit,2ABL101140,001,mf,,true,1485
uniquejmk,2ABL101210,001,mf,,false,1559
rahama,2ABL101041,001,mf,,true,1486
gwadabawa,2ABL100762,001,mf,,false,1487
shepherdtrust,2ABL101094,001,mf,,true,1482
kumbotso,2ABL100672,001,mf,,false,1488
oldshoreham,2ABL101137,001,mf,,false,1489
upfront,2ABL101119,001,mf,,false,1490
hade,2ABL100507,001,mfi,,false,1494
guarantee,2ABL101153,001,mf,,false,1492
blackstone,2ABL101142,001,mf,,false,1491
senchi,2ABL100677,001,mf,,false,1493
awesome,2ABL101235,001,mf,,false,1562
okpofe,2ABL101003,001,mf,,false,1495
mandilas,2B6L100004,001,cb,,false,1496
bridgefund,2ABL101150,001,mf,,false,1497
cashigo,2ABL101152,001,mf,,false,1498
fast_credit,2ABL100470,001,mf,,false,1366
afekhafe,2ABL101149,001,mf,,false,1499
lawebod,2ABL101157,001,mf,,false,1500
ibsgolden,2ABL101151,001,mf,,false,1501
princeps,2ABL101245,001,mf,,false,1564
skyewise,2ABL101167,001,mf,,false,1504
titantrust,2A0L200102,001,cb,,false,1505
nobleserve,2A2L101092,001,cb,,false,1506
borome,2ABL101158,001,mf,,false,1507
coopxchange,2ABL100898,001,mf,,false,1565
ekuombe,2ABL100824,001,mf,,false,1508
atiat,2A2L100262,001,cb,,false,1509
seguro,2ABL101186,001,mf,,false,1566
emeraid,2ABL101239,001,mf,,false,1567
thinkmfb,2ABL200026,01,mf,,false,1568
stbuilding,2A4L201040,001,mg,,false,1511
dizzbuzz,2ABL101162,001,mf,,false,1512
echowise,2ABL101105,001,mf,,false,1513
pennywise,2ABL101242,01,mf,,false,1569
nichole,2A2L101095,001,cb,,false,1514
rigo,2ABL101156,001,mf,,false,1515
ogbeahiara,2ABL101074,001,mf,,false,1510
handsbrew,2ABL101148,001,mf,,false,1516
vanir,2ABL101101,001,mf,,false,1517
preeminent,2ABL101166,001,mf,,false,1518
liberty,2ABL101135,001,mf,,false,1519
propetrol,2AFL100794,001,cb,,false,1520
abujaenterprise,2ABL100083,001,mf,,false,1521
testbank,2A0L200000,001,cb,,false,1522
virtueone,2A2L100343,001,cb,,false,1503
ikejaelectric,2A7L101160,001,cb,,false,1523
globus,2A0L200103,001,cb,,false,1524
tapol,2ABL101154,001,mf,,false,1525
newedge,2ABL101081,001,mf,,false,1477
moneytronics,2ABL100807,001,mf,,false,1337
ambamfb,2ABL100713,001,mf,,false,1526
octopusmfb,2ABL100992,001,mf,,false,1527
doormouth,2ABL101146,001,mf,,false,1528
fasildapo,2ABL100968,001,mf,,false,1572
okazi,2A2L101189,001,cb,,false,1573
pearl,2AFL101188,001,cb,,false,1582
summergreen,2ABL101147,001,mfi,,false,1580
sovereign,2ABL101228,001,mf,,false,1586
micash,2ABL101244,001,mf,,false,1587
millennial,2ABL101288,01,mf,,false,1589
cintrust,2ABL101048,01,mf,,false,1590
gadol,2A2L101277,001,cb,,false,1597
idimarris,2ABL101289,01,mf,,false,1598
spectrum,2ABL100042,001,mf,,false,883
aaafinance,2A2L101298,001,cb,,false,1599
alajeoba,2A2L101252,001,cb,,false,1600
tijarah,2ABL101297,001,mf,,false,1603
creditexpress,2ABL101300,001,mf,,false,1604
jehosheba,2ABL101311,001,mf,,false,1608
meristem,2A2L101181,01,cb,,false,1611
trinity,2A2L101251,001,cb,,false,1613
factoring,2A2L101324,001,cb,,false,1614
eain,2ABL101332,001,mf,,false,1615
oremux,2ABL101260,01,mf,,false,1616
chenvasa,2ABL101009,01,mf,,false,1617
prominent,2ABL101255,01,mf,,false,1618
climax,2ABL101270,001,mf,,false,1619
dand,2AFL101325,001,cb,,false,1620
gti,2ABL101336,001,mf,,false,1621
onepayout,2ABL101185,001,mf,,false,1563
taj,2A0L200302,001,cb,,false,1540
SB2BNK,SB2BNK,001,cb,,false,1
jenmfb,2ABL100646,001,mf,,false,1581
